Campaign,Callout text,Status
Slagelse — Reparation — Search,4.7 ★ på Trustpilot,Enabled
Slagelse — Reparation — Search,36 mdr. garanti,Enabled
Slagelse — Reparation — Search,Livstidsgaranti på skærm,Enabled
Slagelse — Reparation — Search,Mens-du-venter service,Enabled
Slagelse — Reparation — Search,Faste priser,Enabled
Slagelse — Reparation — Search,Original kvalitet,Enabled
Slagelse — Reparation — Search,Gratis diagnose,Enabled
Slagelse — Reparation — Search,13 års erfaring,Enabled
Slagelse — Reparation — Search,e-mærket-certificeret,Enabled
Slagelse — Reparation — Search,30+ tests før retur,Enabled
