Campaign,Ad group,Keyword,Match type,Final URL,Status
Slagelse — Reparation — Search,iPhone Reparation,iphone reparation slagelse,Phrase,https://phonespot.dk/reparation/iphone,Enabled
Slagelse — Reparation — Search,iPhone Reparation,iphone reparation slagelse,Exact,https://phonespot.dk/reparation/iphone,Enabled
Slagelse — Reparation — Search,iPhone Reparation,iphone skærmskift slagelse,Phrase,https://phonespot.dk/reparation/iphone,Enabled
Slagelse — Reparation — Search,iPhone Reparation,iphone skærmskift slagelse,Exact,https://phonespot.dk/reparation/iphone,Enabled
Slagelse — Reparation — Search,iPhone Reparation,iphone batteri slagelse,Phrase,https://phonespot.dk/reparation/iphone,Enabled
Slagelse — Reparation — Search,iPhone Reparation,iphone reparation 4200,Phrase,https://phonespot.dk/reparation/iphone,Enabled
Slagelse — Reparation — Search,iPhone Reparation,iphone skærm slagelse,Phrase,https://phonespot.dk/reparation/iphone,Enabled
Slagelse — Reparation — Search,iPhone Reparation,iphone reparation vestsjælland,Phrase,https://phonespot.dk/reparation/iphone,Enabled
Slagelse — Reparation — Search,iPhone Reparation,reparation iphone slagelse,Phrase,https://phonespot.dk/reparation/iphone,Enabled
Slagelse — Reparation — Search,iPhone Reparation,skærmskift iphone slagelse,Phrase,https://phonespot.dk/reparation/iphone,Enabled
Slagelse — Reparation — Search,iPhone Reparation,iphone glas slagelse,Phrase,https://phonespot.dk/reparation/iphone,Enabled
Slagelse — Reparation — Search,iPhone Reparation,iphone ladestik slagelse,Phrase,https://phonespot.dk/reparation/iphone,Enabled
Slagelse — Reparation — Search,Samsung Reparation,samsung reparation slagelse,Phrase,https://phonespot.dk/reparation/samsung,Enabled
Slagelse — Reparation — Search,Samsung Reparation,samsung reparation slagelse,Exact,https://phonespot.dk/reparation/samsung,Enabled
Slagelse — Reparation — Search,Samsung Reparation,galaxy reparation slagelse,Phrase,https://phonespot.dk/reparation/samsung,Enabled
Slagelse — Reparation — Search,Samsung Reparation,samsung skærm slagelse,Phrase,https://phonespot.dk/reparation/samsung,Enabled
Slagelse — Reparation — Search,Samsung Reparation,samsung batteri slagelse,Phrase,https://phonespot.dk/reparation/samsung,Enabled
Slagelse — Reparation — Search,Samsung Reparation,galaxy skærmskift slagelse,Phrase,https://phonespot.dk/reparation/samsung,Enabled
Slagelse — Reparation — Search,Samsung Reparation,samsung galaxy reparation slagelse,Phrase,https://phonespot.dk/reparation/samsung,Enabled
Slagelse — Reparation — Search,Samsung Reparation,reparation samsung slagelse,Phrase,https://phonespot.dk/reparation/samsung,Enabled
Slagelse — Reparation — Search,Mobil Reparation Generel,mobil reparation slagelse,Phrase,https://phonespot.dk/reparation,Enabled
Slagelse — Reparation — Search,Mobil Reparation Generel,mobil reparation slagelse,Exact,https://phonespot.dk/reparation,Enabled
Slagelse — Reparation — Search,Mobil Reparation Generel,mobiltelefon reparation slagelse,Phrase,https://phonespot.dk/reparation,Enabled
Slagelse — Reparation — Search,Mobil Reparation Generel,telefon reparation slagelse,Phrase,https://phonespot.dk/reparation,Enabled
Slagelse — Reparation — Search,Mobil Reparation Generel,reparation af mobil slagelse,Phrase,https://phonespot.dk/reparation,Enabled
Slagelse — Reparation — Search,Mobil Reparation Generel,telefon værksted slagelse,Phrase,https://phonespot.dk/reparation,Enabled
Slagelse — Reparation — Search,Mobil Reparation Generel,mobil værksted slagelse,Phrase,https://phonespot.dk/reparation,Enabled
Slagelse — Reparation — Search,Mobil Reparation Generel,reparation telefon 4200,Phrase,https://phonespot.dk/reparation,Enabled
Slagelse — Reparation — Search,Mobil Reparation Generel,mobil reparation vestsjællands centret,Phrase,https://phonespot.dk/reparation,Enabled
Slagelse — Reparation — Search,iPad MacBook Apple Watch,ipad reparation slagelse,Phrase,https://phonespot.dk/reparation,Enabled
Slagelse — Reparation — Search,iPad MacBook Apple Watch,ipad skærm slagelse,Phrase,https://phonespot.dk/reparation,Enabled
Slagelse — Reparation — Search,iPad MacBook Apple Watch,macbook reparation slagelse,Phrase,https://phonespot.dk/reparation,Enabled
Slagelse — Reparation — Search,iPad MacBook Apple Watch,macbook skærm slagelse,Phrase,https://phonespot.dk/reparation,Enabled
Slagelse — Reparation — Search,iPad MacBook Apple Watch,apple watch reparation slagelse,Phrase,https://phonespot.dk/reparation,Enabled
Slagelse — Reparation — Search,iPad MacBook Apple Watch,tablet reparation slagelse,Phrase,https://phonespot.dk/reparation,Enabled
Slagelse — Reparation — Search,iPad MacBook Apple Watch,ipad reparation 4200,Phrase,https://phonespot.dk/reparation,Enabled
