Campaign,Negative keyword,Match type
Slagelse — Reparation — Search,gratis,Broad
Slagelse — Reparation — Search,billig,Broad
Slagelse — Reparation — Search,billigste,Broad
Slagelse — Reparation — Search,jobs,Broad
Slagelse — Reparation — Search,job,Broad
Slagelse — Reparation — Search,uddannelse,Broad
Slagelse — Reparation — Search,kursus,Broad
Slagelse — Reparation — Search,tutorial,Broad
Slagelse — Reparation — Search,guide,Broad
Slagelse — Reparation — Search,selv,Broad
Slagelse — Reparation — Search,diy,Broad
Slagelse — Reparation — Search,gør det selv,Phrase
Slagelse — Reparation — Search,youtube,Broad
Slagelse — Reparation — Search,anmeldelse,Broad
Slagelse — Reparation — Search,anmeldelser,Broad
Slagelse — Reparation — Search,hvor meget koster,Phrase
Slagelse — Reparation — Search,københavn,Broad
Slagelse — Reparation — Search,aarhus,Broad
Slagelse — Reparation — Search,odense,Broad
Slagelse — Reparation — Search,aalborg,Broad
Slagelse — Reparation — Search,roskilde,Broad
Slagelse — Reparation — Search,konkurrence,Broad
Slagelse — Reparation — Search,vinde,Broad
Slagelse — Reparation — Search,gevinst,Broad
Slagelse — Reparation — Search,apple store,Phrase
Slagelse — Reparation — Search,genius bar,Phrase
Slagelse — Reparation — Search,trade-in,Broad
Slagelse — Reparation — Search,trade in,Phrase
Slagelse — Reparation — Search,bytte,Broad
Slagelse — Reparation — Search,sælg min iphone,Phrase
Slagelse — Reparation — Search,sælg telefon,Phrase
Slagelse — Reparation — Search,brugt iphone,Phrase
