Campaign,Ad group,Headline 1,Headline 2,Headline 3,Headline 4,Headline 5,Headline 6,Headline 7,Headline 8,Headline 9,Headline 10,Headline 11,Headline 12,Headline 13,Headline 14,Headline 15,Description 1,Description 2,Description 3,Description 4,Final URL,Path 1,Path 2,Status
Slagelse — Reparation — Search,iPhone Reparation,Apple-Specialist Siden 2013,Livstidsgaranti På Skærm,30+ Tests Før Returnering,36 Mdr. Garanti,iPhone Reparation Slagelse,Mens-Du-Venter Service,Faste Priser Fra 599 kr,4.7 ★ Trustpilot + e-Mærket,Originalkvalitet Glas,Ingen Reparation = Ingen Omkostning,Book Online På 2 Minutter,Hent Samme Dag i Butik,13 Års iPhone-Erfaring,VestsjællandsCentret 10,Slagelse + Vejle Butikker,"Apple-specialist siden 2013. Livstidsgaranti på skærm, 36 mdr. enhedsgaranti. 30+ tests før retur. e-mærket + 4.7★ Trustpilot.","Faste priser fra 599 kr. Mens-du-venter service. Book online — vi har den klar når du kommer.","Ingen reparation = ingen omkostning. Originalkvalitet glas + livstidsgaranti = zero risiko på din iPhone.","VestsjællandsCentret 10, Slagelse — også butik i Vejle. Hverdage 10-19. Walk-in eller online booking.",https://phonespot.dk/reparation/iphone,Reparation,Slagelse,Enabled
Slagelse — Reparation — Search,iPhone Reparation,Knust iPhone-Skærm? Livstidsgaranti,Faste Priser Fra 599 kr,30+ Tests Før Du Får Den Retur,Mens-Du-Venter — Slagelse,Apple-Specialist 13 År,36 Mdr. Garanti — Danmarks Længste,Book Online — Klar Samme Dag,4.7 ★ Trustpilot e-Mærket,Originalkvalitet Apple-Skærm,Ingen Skjulte Gebyrer,VestsjællandsCentret 10,Trustpilot 4.7 + 980+ Reviews,Ingen Reparation = Ingen Omkostning,Hybrid Booking — Du Vælger,Slagelse iPhone-Værksted,"Knust skærm? Vi udskifter med originalkvalitet og livstidsgaranti. 30+ tests inden vi returnerer den til dig.","Faste priser fra 599 kr — ingen overraskelser. 36 mdr. enhedsgaranti og e-mærket-certificering. Slagelse + Vejle.","Mens-du-venter service. Book online så vi har reservedelen klar når du møder op. VestsjællandsCentret 10.","Apple-specialist siden 2013. 50.000+ iPhones repareret. Trustpilot 4.7★. Ring eller kom forbi.",https://phonespot.dk/reparation/iphone,iPhone,Slagelse,Enabled
Slagelse — Reparation — Search,iPhone Reparation,iPhone Skærmskift Slagelse,Livstidsgaranti — Aldrig Mere Knust,Fra 599 kr Med Faste Priser,Mens-Du-Venter På 60 Min,30+ Tests Før Returnering,36 Mdr. Enhedsgaranti,Apple-Specialist Siden 2013,Book Online — Hent i Dag,Originalkvalitet Glas + Skærm,e-Mærket + Trustpilot 4.7 ★,Ingen Skjulte Gebyrer,VestsjællandsCentret 10,Ingen Fix = Ingen Omkostning,Slagelse + Vejle,iPhone X til 17 Pro Max,"Skærmskift fra 599 kr — faste priser ingen skjulte gebyrer. Livstidsgaranti på selve skærmreparationen.","Vi tester på 30+ punkter inden du får den retur. Originalkvalitet glas + skærm. e-mærket-certificeret.","Mens-du-venter på de fleste skærmskift — typisk 60 minutter. Book online først, vi har den klar.","Apple-specialist siden 2013. Vi reparerer iPhone X til 17 Pro Max. Trustpilot 4.7★. Slagelse + Vejle.",https://phonespot.dk/reparation/iphone,Skærmskift,iPhone,Enabled
Slagelse — Reparation — Search,Samsung Reparation,Galaxy Specialist Slagelse,Livstidsgaranti På Skærm,30+ Tests Før Returnering,36 Mdr. Enhedsgaranti,Ekspres Galaxy Reparation,Faste Priser Fra 699 kr,Mens-Du-Venter Service,4.7 ★ Trustpilot + e-Mærket,S25 til S20 + Note + A-Serie,Originalkvalitet Reservedele,Ingen Fix = Ingen Omkostning,Book Online — Hent i Dag,VestsjællandsCentret 10,13 Års Samsung-Erfaring,Slagelse + Vejle Butikker,"Galaxy-specialist i Slagelse. Livstidsgaranti på skærm, 36 mdr. enhedsgaranti. 30+ tests før retur. Faste priser.","Mens-du-venter på de fleste reparationer. Originalkvalitet reservedele. Trustpilot 4.7★ + e-mærket.","S25 til S20, Note, A-serie, Tab — vi reparerer alle Samsung-modeller. Faste priser fra 699 kr ingen skjulte gebyrer.","Book online først så vi har reservedelen klar. VestsjællandsCentret 10. Også butik i Vejle. Walk-in velkommen.",https://phonespot.dk/reparation/samsung,Reparation,Samsung,Enabled
Slagelse — Reparation — Search,Samsung Reparation,Knust Galaxy-Skærm? Livstidsgaranti,Faste Priser Fra 699 kr,30+ Tests Før Returnering,Mens-Du-Venter Service,Galaxy Specialist 13 År,36 Mdr. Enhedsgaranti,Book Online — Klar Samme Dag,4.7 ★ Trustpilot e-Mærket,Originalkvalitet Skærm,Ingen Skjulte Gebyrer,VestsjællandsCentret 10,Hybrid Booking — Du Vælger,S25 S24 S23 S22 S21 S20,Note Series Velkomne,Ingen Fix = Ingen Omkostning,"Galaxy-skærm knust? Vi udskifter med originalkvalitet og livstidsgaranti. 30+ tests inden retur.","Faste priser fra 699 kr ingen overraskelser. 36 mdr. enhedsgaranti + e-mærket-certificering. Slagelse + Vejle.","Mens-du-venter på de fleste skærmskift — typisk 60-90 min. Book online så vi har reservedelen klar.","13 års Samsung-erfaring. Trustpilot 4.7★. Ingen reparation = ingen omkostning. Walk-in eller online.",https://phonespot.dk/reparation/samsung,Galaxy,Slagelse,Enabled
Slagelse — Reparation — Search,Samsung Reparation,Galaxy Skærmskift Slagelse,Livstidsgaranti — Aldrig Mere Knust,Fra 699 kr Med Faste Priser,Mens-Du-Venter Service,30+ Tests Før Returnering,36 Mdr. Garanti — Sjældent i DK,Galaxy Specialist Siden 2013,Book Online — Hent i Dag,Originalkvalitet Reservedele,e-Mærket + Trustpilot 4.7 ★,Ingen Reparation = Ingen Omkostning,VestsjællandsCentret 10,Slagelse + Vejle,A-Serie Tab + Note Velkomne,Ingen Tidsbestilling Nødvendig,"Galaxy skærmskift fra 699 kr. Faste priser ingen skjulte gebyrer. Livstidsgaranti på selve reparationen.","Vi tester 30+ punkter inden du får den retur. Originalkvalitet glas + skærm. 36 mdr. enhedsgaranti.","Mens-du-venter eller book online — vi har reservedelen klar når du kommer. VestsjællandsCentret 10.","13 års Samsung-erfaring. e-mærket + Trustpilot 4.7★. Slagelse + Vejle butikker. Walk-in velkommen.",https://phonespot.dk/reparation/samsung,Skærm,Galaxy,Enabled
Slagelse — Reparation — Search,Mobil Reparation Generel,Faste Priser Fra 399 kr,Livstidsgaranti På Skærm,30+ Tests Før Returnering,36 Mdr. Danmarks Længste Garanti,Mens-Du-Venter Service,e-Mærket + 4.7 ★ Trustpilot,Apple-Specialister Siden 2013,Slagelse + Vejle Butikker,Hybrid Booking — Du Vælger,Ingen Reparation = Ingen Omkostning,Originalkvalitet Reservedele,Hent Samme Dag i Butik,iPhone Galaxy Pixel Huawei,VestsjællandsCentret 10,50.000+ Reparationer Siden 2013,"Faste priser fra 399 kr. Livstidsgaranti på skærm + 36 mdr. enhedsgaranti. 30+ tests før retur. e-mærket.","Slagelse's mobilværksted siden 2013. Apple-specialister. iPhone, Samsung, Pixel, Huawei, OnePlus, Xiaomi.","Mens-du-venter på de fleste reparationer. Book online + ring + kom forbi — du vælger flow.","Ingen reparation = ingen omkostning. Trustpilot 4.7★ + e-mærket-certificeret. VestsjællandsCentret 10.",https://phonespot.dk/reparation,Reparation,Slagelse,Enabled
Slagelse — Reparation — Search,Mobil Reparation Generel,Mobil Reparation Slagelse,Faste Priser Ingen Skjulte,Livstidsgaranti Skærm,30+ Tests Før Du Får Retur,Mens-Du-Venter Service,Apple-Specialist Siden 2013,36 Mdr. Enhedsgaranti,Book Online — 2 Min,4.7 ★ Trustpilot e-Mærket,Originalkvalitet Reservedele,VestsjællandsCentret 10,Hybrid Booking — Online + Ring,Slagelse + Vejle,Ingen Fix = Ingen Omkostning,iPhone Samsung Pixel Huawei,"Slagelse's mobil-værksted siden 2013. Faste priser fra 399 kr. Ingen skjulte gebyrer. Livstidsgaranti på skærm.","30+ tests før retur. 36 mdr. enhedsgaranti. e-mærket + Trustpilot 4.7★. Originalkvalitet reservedele.","Book online + ring + kom forbi — du vælger. Mens-du-venter på de fleste reparationer.","Apple-specialister + alle øvrige mærker. Ingen reparation = ingen omkostning. VestsjællandsCentret 10.",https://phonespot.dk/reparation,Mobil,Slagelse,Enabled
Slagelse — Reparation — Search,Mobil Reparation Generel,Telefon Værksted Slagelse,Faste Priser Fra 399 kr,Livstidsgaranti Skærm,30+ Tests Før Returnering,Mens-Du-Venter Service,36 Mdr. Garanti — Danmarks Længste,Apple-Specialister Siden 2013,Book Online Nu,4.7 ★ Trustpilot,e-Mærket-Certificeret,Originalkvalitet,VestsjællandsCentret 10,Slagelse + Vejle,50.000+ Reparationer,Ingen Fix = Ingen Omkostning,"Slagelse's telefon-værksted siden 2013. Skærmskift, batteri, glas, lader — alt mellem 30 minutter og 2 timer.","Faste priser fra 399 kr. Livstidsgaranti på skærm + 36 mdr. enhedsgaranti. e-mærket-certificeret.","Originalkvalitet reservedele på lager. Trustpilot 4.7★. Ingen reparation = ingen omkostning.","13 års erfaring. Slagelse + Vejle butikker. Online booking + ring + walk-in. Du vælger.",https://phonespot.dk/reparation,Telefon,Værksted,Enabled
Slagelse — Reparation — Search,iPad MacBook Apple Watch,Apple-Specialist Siden 2013,Livstidsgaranti På Skærm,36 Mdr. Garanti,30+ Tests Før Returnering,iPad MacBook Apple Watch,Ekspres-Reparation Mens Du Venter,Faste Priser Fra 1.099 kr,4.7 ★ Trustpilot + e-Mærket,Originalkvalitet Reservedele,Ingen Reparation = Ingen Omkostning,PhoneSpot Slagelse + Vejle,Book Online — Hent i Dag,13 Års Apple-Erfaring,VestsjællandsCentret 10,Slagelse Værksted,"Apple-specialist siden 2013. iPad, MacBook, Apple Watch — alle Apple-produkter til faste priser.","Livstidsgaranti på skærm + 36 mdr. enhedsgaranti. 30+ tests før retur. e-mærket + Trustpilot 4.7★.","Mens-du-venter på de fleste reparationer. Book online så vi har reservedelen klar.","13 års erfaring. VestsjællandsCentret 10. Også butik i Vejle. Ingen reparation = ingen omkostning.",https://phonespot.dk/reparation,iPad,MacBook,Enabled
Slagelse — Reparation — Search,iPad MacBook Apple Watch,iPad Skærm Slagelse,Skærmskift Fra 1.099 kr,Livstidsgaranti — Apple-Specialist,30+ Tests Før Returnering,36 Mdr. Enhedsgaranti,Mens-Du-Venter Service,Originalkvalitet Glas,Book Online — Hent i Dag,4.7 ★ Trustpilot e-Mærket,iPad Pro 11 + 12.9,iPad Air iPad Mini,VestsjællandsCentret 10,Ingen Fix = Ingen Omkostning,Apple Watch Alle Series,MacBook Pro Air Velkomne,"iPad-reparation i Slagelse. Skærmskift fra 1.099 kr. Apple-specialist siden 2013. Livstidsgaranti på skærm.","Vi tester 30+ punkter inden du får den retur. Originalkvalitet glas. 36 mdr. enhedsgaranti.","Mens-du-venter på de fleste skærmskift. Book online via vores hjemmeside. Walk-in også velkommen.","MacBook + Apple Watch også velkomne. e-mærket + Trustpilot 4.7★. Slagelse + Vejle.",https://phonespot.dk/reparation,iPad,Skærm,Enabled
Slagelse — Reparation — Search,iPad MacBook Apple Watch,MacBook Reparation Slagelse,Apple-Specialist Siden 2013,Livstidsgaranti Skærm,Mens-Du-Venter Service,Faste Priser — Ingen Skjulte,VestsjællandsCentret 10,Book Online Nu,4.7 ★ Trustpilot + e-Mærket,Originalkvalitet,30+ Tests Før Returnering,36 Mdr. Enhedsgaranti,Apple Watch Reparation Også,iPad Reparation Også,Hurtig Diagnose Gratis,Slagelse + Vejle,"Slagelse's Apple-værksted. iPad, MacBook, Apple Watch — vi reparerer alle Apple-produkter. Apple-specialist siden 2013.","Skærm, batteri, tastatur, lader, port — vi har reservedele på lager. Mens-du-venter service.","Originalkvalitet reservedele. Livstidsgaranti på skærm + 36 mdr. enhedsgaranti. 30+ tests før retur.","13 års Apple-erfaring. e-mærket + Trustpilot 4.7★. Slagelse + Vejle butikker. Ingen fix = ingen omkostning.",https://phonespot.dk/reparation,Apple,Slagelse,Enabled
